{"min_val":-0.03095341, "max_val":0.03116123, "is_single_band":true}